title,author,genre,status,release_day,views,subscribers,rating,chapter,season,season_chapter,arc,custom,length,comments,total_comments,replies,total_replies,likes,total_likes,published,username,id,country,profile_type,auth_provider,upvotes,downvotes,comment_replies,post_date,contents,timestamp
Lore Olympus,Rachel Smythe,Romance,Ongoing,Sunday,1200000000,6200000,9.67,1,1,,,1,75769,6078,1491153,1966,405680,379812,59991425,2018-03-04,,,,,,,,,,,2023-02-03 02:35:16.821556200 UTC
Lore Olympus,Rachel Smythe,Romance,Ongoing,Sunday,1200000000,6200000,9.67,2,1,,,2,38345,3244,1491153,1115,405680,306976,59991425,2018-03-04,,,,,,,,,,,2023-02-03 02:35:21.238767200 UTC
Lore Olympus,Rachel Smythe,Romance,Ongoing,Sunday,1200000000,6200000,9.67,3,1,,,3,44176,2613,1491153,796,405680,292881,59991425,2018-03-04,,,,,,,,,,,2023-02-03 02:35:26.762797100 UTC
Lore Olympus,Rachel Smythe,Romance,Ongoing,Sunday,1200000000,6200000,9.67,4,1,,,4,62938,2789,1491153,1009,405680,283046,59991425,2018-03-04,,,,,,,,,,,2023-02-03 02:35:31.251752500 UTC
Lore Olympus,Rachel Smythe,Romance,Ongoing,Sunday,1200000000,6200000,9.67,5,1,,,5,103974,5176,1491153,1159,405680,292431,59991425,2018-03-11,,,,,,,,,,,2023-02-03 02:35:35.590454300 UTC
Lore Olympus,Rachel Smythe,Romance,Ongoing,Sunday,1200000000,6200000,9.67,6,1,,,6,103366,4296,1491153,1044,405680,288909,59991425,2018-03-18,,,,,,,,,,,2023-02-03 02:35:38.197002600 UTC
Lore Olympus,Rachel Smythe,Romance,Ongoing,Sunday,1200000000,6200000,9.67,7,1,,,7,92751,3891,1491153,768,405680,278276,59991425,2018-03-25,,,,,,,,,,,2023-02-03 02:35:42.898215300 UTC
Lore Olympus,Rachel Smythe,Romance,Ongoing,Sunday,1200000000,6200000,9.67,8,1,,,8,98377,3930,1491153,974,405680,279274,59991425,2018-04-01,,,,,,,,,,,2023-02-03 02:35:48.199169300 UTC
Lore Olympus,Rachel Smythe,Romance,Ongoing,Sunday,1200000000,6200000,9.67,9,1,,,9,82806,3946,1491153,806,405680,267039,59991425,2018-04-08,,,,,,,,,,,2023-02-03 02:35:52.411740600 UTC
Lore Olympus,Rachel Smythe,Romance,Ongoing,Sunday,1200000000,6200000,9.67,10,1,,,10,64653,4165,1491153,948,405680,269431,59991425,2018-04-15,,,,,,,,,,,2023-02-03 02:35:57.935507200 UTC
Lore Olympus,Rachel Smythe,Romance,Ongoing,Sunday,1200000000,6200000,9.67,11,1,,,11,59637,3740,1491153,823,405680,252377,59991425,2018-04-22,,,,,,,,,,,2023-02-03 02:36:02.665282400 UTC
Lore Olympus,Rachel Smythe,Romance,Ongoing,Sunday,1200000000,6200000,9.67,12,1,,,12,62331,4499,1491153,614,405680,253041,59991425,2018-04-29,,,,,,,,,,,2023-02-03 02:36:07.144749900 UTC
Lore Olympus,Rachel Smythe,Romance,Ongoing,Sunday,1200000000,6200000,9.67,14,1,,,13,64165,2275,1491153,375,405680,252150,59991425,2018-05-13,,,,,,,,,,,2023-02-03 02:36:10.194208600 UTC
Lore Olympus,Rachel Smythe,Romance,Ongoing,Sunday,1200000000,6200000,9.67,15,1,,,14,48257,2120,1491153,398,405680,247534,59991425,2018-05-20,,,,,,,,,,,2023-02-03 02:36:15.187390700 UTC
Lore Olympus,Rachel Smythe,Romance,Ongoing,Sunday,1200000000,6200000,9.67,16,1,,,15,68111,2076,1491153,478,405680,244302,59991425,2018-05-27,,,,,,,,,,,2023-02-03 02:36:18.603572200 UTC
Lore Olympus,Rachel Smythe,Romance,Ongoing,Sunday,1200000000,6200000,9.67,17,1,,,16,70764,2292,1491153,566,405680,247992,59991425,2018-06-03,,,,,,,,,,,2023-02-03 02:36:22.507827500 UTC
Lore Olympus,Rachel Smythe,Romance,Ongoing,Sunday,1200000000,6200000,9.67,19,1,,,17,76640,6697,1491153,1511,405680,244681,59991425,2018-06-17,,,,,,,,,,,2023-02-03 02:36:27.243441 UTC
Lore Olympus,Rachel Smythe,Romance,Ongoing,Sunday,1200000000,6200000,9.67,20,1,,,18,72781,4436,1491153,832,405680,257005,59991425,2018-06-24,,,,,,,,,,,2023-02-03 02:36:31.649347400 UTC
Lore Olympus,Rachel Smythe,Romance,Ongoing,Sunday,1200000000,6200000,9.67,21,1,,,19,62979,4414,1491153,741,405680,253799,59991425,2018-07-01,,,,,,,,,,,2023-02-03 02:36:35.641707600 UTC
Lore Olympus,Rachel Smythe,Romance,Ongoing,Sunday,1200000000,6200000,9.67,22,1,,,20,62076,4797,1491153,803,405680,249513,59991425,2018-07-08,,,,,,,,,,,2023-02-03 02:36:39.904119800 UTC
Lore Olympus,Rachel Smythe,Romance,Ongoing,Sunday,1200000000,6200000,9.67,23,1,,,21,55112,5151,1491153,1077,405680,240917,59991425,2018-07-15,,,,,,,,,,,2023-02-03 02:36:43.697730200 UTC
Lore Olympus,Rachel Smythe,Romance,Ongoing,Sunday,1200000000,6200000,9.67,24,1,,,22,62296,3505,1491153,1045,405680,238541,59991425,2018-07-22,,,,,,,,,,,2023-02-03 02:36:47.464898900 UTC
Lore Olympus,Rachel Smythe,Romance,Ongoing,Sunday,1200000000,6200000,9.67,25,1,,,23,66958,8213,1491153,1313,405680,234006,59991425,2018-07-29,,,,,,,,,,,2023-02-03 02:36:52.246569800 UTC
Lore Olympus,Rachel Smythe,Romance,Ongoing,Sunday,1200000000,6200000,9.67,26,1,,,24,106822,20712,1491153,7752,405680,237775,59991425,2018-08-05,,,,,,,,,,,2023-02-03 02:36:56.908473900 UTC
Lore Olympus,Rachel Smythe,Romance,Ongoing,Sunday,1200000000,6200000,9.67,27,1,,,25,87075,4204,1491153,2021,405680,244378,59991425,2018-08-12,,,,,,,,,,,2023-02-03 02:37:00.551209700 UTC
Lore Olympus,Rachel Smythe,Romance,Ongoing,Sunday,1200000000,6200000,9.67,28,1,,,26,77603,6132,1491153,1355,405680,252723,59991425,2018-08-19,,,,,,,,,,,2023-02-03 02:37:04.838535200 UTC
Lore Olympus,Rachel Smythe,Romance,Ongoing,Sunday,1200000000,6200000,9.67,29,1,,,27,74457,5865,1491153,1185,405680,253287,59991425,2018-08-26,,,,,,,,,,,2023-02-03 02:37:08.371290400 UTC
Lore Olympus,Rachel Smythe,Romance,Ongoing,Sunday,1200000000,6200000,9.67,30,1,,,28,68249,4446,1491153,1184,405680,252419,59991425,2018-09-02,,,,,,,,,,,2023-02-03 02:37:13.756913400 UTC
Lore Olympus,Rachel Smythe,Romance,Ongoing,Sunday,1200000000,6200000,9.67,32,1,,,29,72210,2553,1491153,828,405680,234923,59991425,2018-09-16,,,,,,,,,,,2023-02-03 02:37:18.494180 UTC
Lore Olympus,Rachel Smythe,Romance,Ongoing,Sunday,1200000000,6200000,9.67,33,1,,,30,65395,3363,1491153,1594,405680,241303,59991425,2018-09-23,,,,,,,,,,,2023-02-03 02:37:22.235994900 UTC
Lore Olympus,Rachel Smythe,Romance,Ongoing,Sunday,1200000000,6200000,9.67,34,1,,,31,73555,7431,1491153,1634,405680,248565,59991425,2018-09-30,,,,,,,,,,,2023-02-03 02:37:25.682772800 UTC
Lore Olympus,Rachel Smythe,Romance,Ongoing,Sunday,1200000000,6200000,9.67,35,1,,,32,74206,4058,1491153,841,405680,241845,59991425,2018-10-07,,,,,,,,,,,2023-02-03 02:37:30.657296 UTC
Lore Olympus,Rachel Smythe,Romance,Ongoing,Sunday,1200000000,6200000,9.67,36,1,,,33,79049,3834,1491153,828,405680,237203,59991425,2018-10-14,,,,,,,,,,,2023-02-03 02:37:34.835007400 UTC
Lore Olympus,Rachel Smythe,Romance,Ongoing,Sunday,1200000000,6200000,9.67,37,1,,,34,94044,4697,1491153,928,405680,237842,59991425,2018-10-21,,,,,,,,,,,2023-02-03 02:37:39.135247300 UTC
Lore Olympus,Rachel Smythe,Romance,Ongoing,Sunday,1200000000,6200000,9.67,38,1,,,35,76639,5176,1491153,1386,405680,240210,59991425,2018-10-28,,,,,,,,,,,2023-02-03 02:37:42.734598900 UTC
Lore Olympus,Rachel Smythe,Romance,Ongoing,Sunday,1200000000,6200000,9.67,39,1,,,36,71052,13292,1491153,2189,405680,234309,59991425,2018-11-04,,,,,,,,,,,2023-02-03 02:37:47.432631300 UTC
Lore Olympus,Rachel Smythe,Romance,Ongoing,Sunday,1200000000,6200000,9.67,40,1,,,37,85501,9813,1491153,2407,405680,250905,59991425,2018-11-11,,,,,,,,,,,2023-02-03 02:37:52.971747700 UTC
Lore Olympus,Rachel Smythe,Romance,Ongoing,Sunday,1200000000,6200000,9.67,41,1,,,38,90584,5300,1491153,1750,405680,235604,59991425,2018-11-18,,,,,,,,,,,2023-02-03 02:37:57.321360800 UTC
Lore Olympus,Rachel Smythe,Romance,Ongoing,Sunday,1200000000,6200000,9.67,42,1,,,39,94724,4433,1491153,1385,405680,229908,59991425,2018-11-25,,,,,,,,,,,2023-02-03 02:38:01.579325900 UTC
Lore Olympus,Rachel Smythe,Romance,Ongoing,Sunday,1200000000,6200000,9.67,43,1,,,40,95742,11871,1491153,3615,405680,271781,59991425,2018-12-02,,,,,,,,,,,2023-02-03 02:38:05.616820400 UTC
Lore Olympus,Rachel Smythe,Romance,Ongoing,Sunday,1200000000,6200000,9.67,44,1,,,41,74116,6819,1491153,1320,405680,339790,59991425,2018-12-09,,,,,,,,,,,2023-02-03 02:38:09.835714800 UTC
Lore Olympus,Rachel Smythe,Romance,Ongoing,Sunday,1200000000,6200000,9.67,45,1,,,42,85582,4512,1491153,1251,405680,293335,59991425,2018-12-16,,,,,,,,,,,2023-02-03 02:38:14.366755900 UTC
Lore Olympus,Rachel Smythe,Romance,Ongoing,Sunday,1200000000,6200000,9.67,46,1,,,43,84693,5481,1491153,989,405680,290088,59991425,2018-12-23,,,,,,,,,,,2023-02-03 02:38:19.013790400 UTC
Lore Olympus,Rachel Smythe,Romance,Ongoing,Sunday,1200000000,6200000,9.67,48,1,,,44,67179,19884,1491153,2686,405680,272912,59991425,2019-01-05,,,,,,,,,,,2023-02-03 02:38:23.284443800 UTC
Lore Olympus,Rachel Smythe,Romance,Ongoing,Sunday,1200000000,6200000,9.67,49,1,,,45,83432,9485,1491153,2172,405680,283762,59991425,2019-01-12,,,,,,,,,,,2023-02-03 02:38:27.554434200 UTC
Lore Olympus,Rachel Smythe,Romance,Ongoing,Sunday,1200000000,6200000,9.67,50,1,,,46,90595,11854,1491153,2284,405680,258620,59991425,2019-01-19,,,,,,,,,,,2023-02-03 02:38:31.256545100 UTC
Lore Olympus,Rachel Smythe,Romance,Ongoing,Sunday,1200000000,6200000,9.67,51,1,,,47,82660,7653,1491153,2345,405680,253326,59991425,2019-01-26,,,,,,,,,,,2023-02-03 02:38:21.049997 UTC
Lore Olympus,Rachel Smythe,Romance,Ongoing,Sunday,1200000000,6200000,9.67,52,1,,,48,75574,5503,1491153,1278,405680,256178,59991425,2019-02-02,,,,,,,,,,,2023-02-03 02:38:25.198938700 UTC
Lore Olympus,Rachel Smythe,Romance,Ongoing,Sunday,1200000000,6200000,9.67,53,1,,,49,69387,9710,1491153,1745,405680,255072,59991425,2019-02-09,,,,,,,,,,,2023-02-03 02:38:27.905483900 UTC
Lore Olympus,Rachel Smythe,Romance,Ongoing,Sunday,1200000000,6200000,9.67,54,1,,,50,86243,13161,1491153,1166,405680,254937,59991425,2019-02-16,,,,,,,,,,,2023-02-03 02:38:32.768057900 UTC
Lore Olympus,Rachel Smythe,Romance,Ongoing,Sunday,1200000000,6200000,9.67,55,1,,,51,92913,11636,1491153,2534,405680,246963,59991425,2019-02-23,,,,,,,,,,,2023-02-03 02:38:36.303506600 UTC
Lore Olympus,Rachel Smythe,Romance,Ongoing,Sunday,1200000000,6200000,9.67,56,1,,,52,99663,6191,1491153,1365,405680,282441,59991425,2019-03-30,,,,,,,,,,,2023-02-03 02:38:40.228729800 UTC
Lore Olympus,Rachel Smythe,Romance,Ongoing,Sunday,1200000000,6200000,9.67,57,1,,,53,81738,4460,1491153,883,405680,265997,59991425,2019-04-06,,,,,,,,,,,2023-02-03 02:38:36.663007700 UTC
Lore Olympus,Rachel Smythe,Romance,Ongoing,Sunday,1200000000,6200000,9.67,58,1,,,54,78839,5429,1491153,1487,405680,268986,59991425,2019-04-13,,,,,,,,,,,2023-02-03 02:38:41.150497200 UTC
Lore Olympus,Rachel Smythe,Romance,Ongoing,Sunday,1200000000,6200000,9.67,59,1,,,55,80281,3023,1491153,851,405680,255330,59991425,2019-04-20,,,,,,,,,,,2023-02-03 02:35:17.686640900 UTC
Lore Olympus,Rachel Smythe,Romance,Ongoing,Sunday,1200000000,6200000,9.67,60,1,,,56,83352,5339,1491153,1549,405680,266461,59991425,2019-04-27,,,,,,,,,,,2023-02-03 02:35:20.945172200 UTC
Lore Olympus,Rachel Smythe,Romance,Ongoing,Sunday,1200000000,6200000,9.67,61,1,,,57,99921,4650,1491153,1360,405680,257583,59991425,2019-05-04,,,,,,,,,,,2023-02-03 02:35:24.965574700 UTC
Lore Olympus,Rachel Smythe,Romance,Ongoing,Sunday,1200000000,6200000,9.67,62,1,,,58,96504,6461,1491153,2045,405680,262908,59991425,2019-05-11,,,,,,,,,,,2023-02-03 02:35:29.071456500 UTC
Lore Olympus,Rachel Smythe,Romance,Ongoing,Sunday,1200000000,6200000,9.67,63,1,,,59,89549,3440,1491153,1350,405680,251828,59991425,2019-05-18,,,,,,,,,,,2023-02-03 02:35:33.112647700 UTC
Lore Olympus,Rachel Smythe,Romance,Ongoing,Sunday,1200000000,6200000,9.67,64,1,,,60,85141,4556,1491153,1541,405680,248913,59991425,2019-05-25,,,,,,,,,,,2023-02-03 02:35:36.587188100 UTC
Lore Olympus,Rachel Smythe,Romance,Ongoing,Sunday,1200000000,6200000,9.67,65,1,,,61,100627,4857,1491153,1352,405680,263076,59991425,2019-06-01,,,,,,,,,,,2023-02-03 02:35:40.608218 UTC
Lore Olympus,Rachel Smythe,Romance,Ongoing,Sunday,1200000000,6200000,9.67,66,1,,,62,97414,2972,1491153,1458,405680,245862,59991425,2019-06-08,,,,,,,,,,,2023-02-03 02:35:45.025364900 UTC
Lore Olympus,Rachel Smythe,Romance,Ongoing,Sunday,1200000000,6200000,9.67,67,1,,,63,83308,4678,1491153,2049,405680,244542,59991425,2019-06-15,,,,,,,,,,,2023-02-03 02:35:47.778943700 UTC
Lore Olympus,Rachel Smythe,Romance,Ongoing,Sunday,1200000000,6200000,9.67,68,1,,,64,68816,8939,1491153,1640,405680,264465,59991425,2019-06-22,,,,,,,,,,,2023-02-03 02:35:52.205926600 UTC
Lore Olympus,Rachel Smythe,Romance,Ongoing,Sunday,1200000000,6200000,9.67,69,1,,,65,86289,8581,1491153,1368,405680,260080,59991425,2019-06-29,,,,,,,,,,,2023-02-03 02:35:55.276335400 UTC
Lore Olympus,Rachel Smythe,Romance,Ongoing,Sunday,1200000000,6200000,9.67,70,1,,,66,90371,19165,1491153,3065,405680,306547,59991425,2019-07-06,,,,,,,,,,,2023-02-03 02:35:59.885300300 UTC
Lore Olympus,Rachel Smythe,Romance,Ongoing,Sunday,1200000000,6200000,9.67,71,1,,,67,99261,6444,1491153,1530,405680,265870,59991425,2019-07-13,,,,,,,,,,,2023-02-03 02:36:04.956609300 UTC
Lore Olympus,Rachel Smythe,Romance,Ongoing,Sunday,1200000000,6200000,9.67,72,1,,,68,98104,5379,1491153,1525,405680,269130,59991425,2019-07-20,,,,,,,,,,,2023-02-03 02:36:09.138640 UTC
Lore Olympus,Rachel Smythe,Romance,Ongoing,Sunday,1200000000,6200000,9.67,73,1,,,69,93315,4340,1491153,3459,405680,249360,59991425,2019-07-27,,,,,,,,,,,2023-02-03 02:36:13.224143500 UTC
Lore Olympus,Rachel Smythe,Romance,Ongoing,Sunday,1200000000,6200000,9.67,74,1,,,70,89569,3288,1491153,1245,405680,251518,59991425,2019-08-03,,,,,,,,,,,2023-02-03 02:36:18.062970800 UTC
Lore Olympus,Rachel Smythe,Romance,Ongoing,Sunday,1200000000,6200000,9.67,75,1,,,71,102990,6136,1491153,2079,405680,258266,59991425,2019-08-10,,,,,,,,,,,2023-02-03 02:36:21.645347800 UTC
Lore Olympus,Rachel Smythe,Romance,Ongoing,Sunday,1200000000,6200000,9.67,76,1,,,72,95913,3746,1491153,1092,405680,260631,59991425,2019-08-17,,,,,,,,,,,2023-02-03 02:36:25.752612300 UTC
Lore Olympus,Rachel Smythe,Romance,Ongoing,Sunday,1200000000,6200000,9.67,77,1,,,73,82990,7147,1491153,1796,405680,251724,59991425,2019-08-24,,,,,,,,,,,2023-02-03 02:36:28.689874100 UTC
Lore Olympus,Rachel Smythe,Romance,Ongoing,Sunday,1200000000,6200000,9.67,78,1,,,74,107235,6513,1491153,1351,405680,277271,59991425,2019-08-31,,,,,,,,,,,2023-02-03 02:36:32.660367100 UTC
Lore Olympus,Rachel Smythe,Romance,Ongoing,Sunday,1200000000,6200000,9.67,79,1,,,75,90543,13391,1491153,1958,405680,298247,59991425,2019-09-07,,,,,,,,,,,2023-02-03 02:36:37.388915400 UTC
Lore Olympus,Rachel Smythe,Romance,Ongoing,Sunday,1200000000,6200000,9.67,80,1,,,76,71735,16921,1491153,3134,405680,281669,59991425,2019-09-14,,,,,,,,,,,2023-02-03 02:36:41.050212600 UTC
Lore Olympus,Rachel Smythe,Romance,Ongoing,Sunday,1200000000,6200000,9.67,81,1,,,77,87000,17831,1491153,3669,405680,270205,59991425,2019-09-21,,,,,,,,,,,2023-02-03 02:36:45.866847100 UTC
Lore Olympus,Rachel Smythe,Romance,Ongoing,Sunday,1200000000,6200000,9.67,82,1,,,78,107858,6517,1491153,1890,405680,273283,59991425,2019-09-28,,,,,,,,,,,2023-02-03 02:36:50.320726600 UTC
Lore Olympus,Rachel Smythe,Romance,Ongoing,Sunday,1200000000,6200000,9.67,83,1,,,79,102872,7663,1491153,1765,405680,282532,59991425,2019-10-05,,,,,,,,,,,2023-02-03 02:36:54.505093900 UTC
Lore Olympus,Rachel Smythe,Romance,Ongoing,Sunday,1200000000,6200000,9.67,84,1,,,80,81824,18109,1491153,3138,405680,285004,59991425,2019-10-12,,,,,,,,,,,2023-02-03 02:36:59.907127300 UTC
Lore Olympus,Rachel Smythe,Romance,Ongoing,Sunday,1200000000,6200000,9.67,85,1,,,81,86925,12734,1491153,2546,405680,293083,59991425,2019-10-19,,,,,,,,,,,2023-02-03 02:37:03.994977800 UTC
Lore Olympus,Rachel Smythe,Romance,Ongoing,Sunday,1200000000,6200000,9.67,86,1,,,82,87393,8097,1491153,2785,405680,278808,59991425,2019-10-26,,,,,,,,,,,2023-02-03 02:37:08.603562400 UTC
Lore Olympus,Rachel Smythe,Romance,Ongoing,Sunday,1200000000,6200000,9.67,87,1,,,83,109835,5186,1491153,3428,405680,262947,59991425,2019-11-02,,,,,,,,,,,2023-02-03 02:37:13.113367100 UTC
Lore Olympus,Rachel Smythe,Romance,Ongoing,Sunday,1200000000,6200000,9.67,88,1,,,84,99326,7653,1491153,2715,405680,268986,59991425,2019-11-09,,,,,,,,,,,2023-02-03 02:35:16.776185400 UTC
Lore Olympus,Rachel Smythe,Romance,Ongoing,Sunday,1200000000,6200000,9.67,89,1,,,85,96945,6339,1491153,1611,405680,267645,59991425,2019-11-16,,,,,,,,,,,2023-02-03 02:35:22.108689100 UTC
Lore Olympus,Rachel Smythe,Romance,Ongoing,Sunday,1200000000,6200000,9.67,90,1,,,86,110734,7861,1491153,2324,405680,280287,59991425,2019-11-23,,,,,,,,,,,2023-02-03 02:35:27.189709400 UTC
Lore Olympus,Rachel Smythe,Romance,Ongoing,Sunday,1200000000,6200000,9.67,91,1,,,87,105561,6773,1491153,2196,405680,278620,59991425,2019-11-30,,,,,,,,,,,2023-02-03 02:35:31.078738100 UTC
Lore Olympus,Rachel Smythe,Romance,Ongoing,Sunday,1200000000,6200000,9.67,92,1,,,88,96627,10429,1491153,1967,405680,298599,59991425,2019-12-07,,,,,,,,,,,2023-02-03 02:35:36.286614600 UTC
Lore Olympus,Rachel Smythe,Romance,Ongoing,Sunday,1200000000,6200000,9.67,93,1,,,89,118958,3846,1491153,1167,405680,270157,59991425,2019-12-14,,,,,,,,,,,2023-02-03 02:35:40.942359300 UTC
Lore Olympus,Rachel Smythe,Romance,Ongoing,Sunday,1200000000,6200000,9.67,94,1,,,90,109683,5693,1491153,2685,405680,273148,59991425,2019-12-21,,,,,,,,,,,2023-02-03 02:35:44.430955500 UTC
Lore Olympus,Rachel Smythe,Romance,Ongoing,Sunday,1200000000,6200000,9.67,95,1,,,91,89284,7473,1491153,2696,405680,270395,59991425,2019-12-28,,,,,,,,,,,2023-02-03 02:35:48.362777300 UTC
Lore Olympus,Rachel Smythe,Romance,Ongoing,Sunday,1200000000,6200000,9.67,96,1,,,92,87285,8171,1491153,2459,405680,276229,59991425,2020-01-04,,,,,,,,,,,2023-02-03 02:35:52.956904400 UTC
Lore Olympus,Rachel Smythe,Romance,Ongoing,Sunday,1200000000,6200000,9.67,97,1,,,93,89098,5341,1491153,2273,405680,260877,59991425,2020-01-11,,,,,,,,,,,2023-02-03 02:35:57.651204300 UTC
Lore Olympus,Rachel Smythe,Romance,Ongoing,Sunday,1200000000,6200000,9.67,98,1,,,94,107388,11513,1491153,2052,405680,295358,59991425,2020-01-18,,,,,,,,,,,2023-02-03 02:36:01.856487400 UTC
Lore Olympus,Rachel Smythe,Romance,Ongoing,Sunday,1200000000,6200000,9.67,99,1,,,95,128793,13425,1491153,3294,405680,270445,59991425,2020-01-25,,,,,,,,,,,2023-02-03 02:36:05.951443600 UTC
Lore Olympus,Rachel Smythe,Romance,Ongoing,Sunday,1200000000,6200000,9.67,100,1,,,96,121071,16974,1491153,2948,405680,283833,59991425,2020-02-01,,,,,,,,,,,2023-02-03 02:36:09.989781800 UTC
Lore Olympus,Rachel Smythe,Romance,Ongoing,Sunday,1200000000,6200000,9.67,101,1,,,97,112406,8907,1491153,2259,405680,278662,59991425,2020-02-08,,,,,,,,,,,2023-02-03 02:36:14.547587800 UTC
Lore Olympus,Rachel Smythe,Romance,Ongoing,Sunday,1200000000,6200000,9.67,102,1,,,98,98506,15341,1491153,2860,405680,294014,59991425,2020-02-15,,,,,,,,,,,2023-02-03 02:36:18.200391400 UTC
Lore Olympus,Rachel Smythe,Romance,Ongoing,Sunday,1200000000,6200000,9.67,103,1,,,99,103248,8692,1491153,3181,405680,290134,59991425,2020-02-22,,,,,,,,,,,2023-02-03 02:36:22.434888800 UTC
Lore Olympus,Rachel Smythe,Romance,Ongoing,Sunday,1200000000,6200000,9.67,104,1,,,100,115000,11433,1491153,2671,405680,299449,59991425,2020-02-29,,,,,,,,,,,2023-02-03 02:36:26.679695100 UTC
Lore Olympus,Rachel Smythe,Romance,Ongoing,Sunday,1200000000,6200000,9.67,105,1,,,101,135000,7872,1491153,1678,405680,292038,59991425,2020-03-07,,,,,,,,,,,2023-02-03 02:36:30.943802800 UTC
Lore Olympus,Rachel Smythe,Romance,Ongoing,Sunday,1200000000,6200000,9.67,106,1,,,102,122009,8698,1491153,2590,405680,296837,59991425,2020-03-14,,,,,,,,,,,2023-02-03 02:36:34.733173500 UTC
Lore Olympus,Rachel Smythe,Romance,Ongoing,Sunday,1200000000,6200000,9.67,107,1,,,103,145000,6705,1491153,3123,405680,281724,59991425,2020-03-21,,,,,,,,,,,2023-02-03 02:36:37.792648400 UTC
Lore Olympus,Rachel Smythe,Romance,Ongoing,Sunday,1200000000,6200000,9.67,108,1,,,104,124012,8989,1491153,2546,405680,292828,59991425,2020-03-28,,,,,,,,,,,2023-02-03 02:36:42.755692 UTC
Lore Olympus,Rachel Smythe,Romance,Ongoing,Sunday,1200000000,6200000,9.67,109,1,,,105,125000,8031,1491153,3018,405680,279888,59991425,2020-04-04,,,,,,,,,,,2023-02-03 02:36:45.526234900 UTC
Lore Olympus,Rachel Smythe,Romance,Ongoing,Sunday,1200000000,6200000,9.67,110,1,,,106,173000,7095,1491153,1738,405680,297273,59991425,2020-04-11,,,,,,,,,,,2023-02-03 02:36:49.168073100 UTC
Lore Olympus,Rachel Smythe,Romance,Ongoing,Sunday,1200000000,6200000,9.67,111,1,,,107,145422,9651,1491153,2182,405680,301382,59991425,2020-04-18,,,,,,,,,,,2023-02-03 02:36:53.437630200 UTC
Lore Olympus,Rachel Smythe,Romance,Ongoing,Sunday,1200000000,6200000,9.67,112,1,,,108,162111,11678,1491153,2713,405680,292184,59991425,2020-04-25,,,,,,,,,,,2023-02-03 02:36:57.407695300 UTC
Lore Olympus,Rachel Smythe,Romance,Ongoing,Sunday,1200000000,6200000,9.67,113,1,,,109,149000,5201,1491153,2836,405680,281094,59991425,2020-05-02,,,,,,,,,,,2023-02-03 02:37:01.176776400 UTC
Lore Olympus,Rachel Smythe,Romance,Ongoing,Sunday,1200000000,6200000,9.67,114,1,,,110,152468,29999,1491153,5593,405680,341645,59991425,2020-05-09,,,,,,,,,,,2023-02-03 02:37:05.239530700 UTC
Lore Olympus,Rachel Smythe,Romance,Ongoing,Sunday,1200000000,6200000,9.67,115,1,,,111,153404,8338,1491153,2774,405680,298421,59991425,2020-05-16,,,,,,,,,,,2023-02-03 02:37:08.796063800 UTC
Lore Olympus,Rachel Smythe,Romance,Ongoing,Sunday,1200000000,6200000,9.67,116,1,,,112,134393,18131,1491153,4151,405680,348115,59991425,2020-05-23,,,,,,,,,,,2023-02-03 02:37:12.934511300 UTC
Lore Olympus,Rachel Smythe,Romance,Ongoing,Sunday,1200000000,6200000,9.67,117,1,,,113,161476,9585,1491153,3726,405680,301283,59991425,2020-05-30,,,,,,,,,,,2023-02-03 02:37:16.888896300 UTC
Lore Olympus,Rachel Smythe,Romance,Ongoing,Sunday,1200000000,6200000,9.67,118,1,,,114,145689,7595,1491153,3588,405680,310162,59991425,2020-06-06,,,,,,,,,,,2023-02-03 02:35:16.615957300 UTC
Lore Olympus,Rachel Smythe,Romance,Ongoing,Sunday,1200000000,6200000,9.67,119,1,,,115,178470,20292,1491153,7301,405680,327602,59991425,2020-06-13,,,,,,,,,,,2023-02-03 02:35:20.563605 UTC
Lore Olympus,Rachel Smythe,Romance,Ongoing,Sunday,1200000000,6200000,9.67,121,2,,,116,125900,8306,1491153,1330,405680,298845,59991425,2020-08-01,,,,,,,,,,,2023-02-03 02:35:25.023466400 UTC
Lore Olympus,Rachel Smythe,Romance,Ongoing,Sunday,1200000000,6200000,9.67,122,2,,,117,96000,5270,1491153,1980,405680,289085,59991425,2020-08-08,,,,,,,,,,,2023-02-03 02:35:30.038891700 UTC
Lore Olympus,Rachel Smythe,Romance,Ongoing,Sunday,1200000000,6200000,9.67,123,2,,,118,124455,4801,1491153,1438,405680,285235,59991425,2020-08-15,,,,,,,,,,,2023-02-03 02:35:33.726345400 UTC
Lore Olympus,Rachel Smythe,Romance,Ongoing,Sunday,1200000000,6200000,9.67,124,2,,,119,123650,6141,1491153,1881,405680,292307,59991425,2020-08-22,,,,,,,,,,,2023-02-03 02:35:36.913234400 UTC
Lore Olympus,Rachel Smythe,Romance,Ongoing,Sunday,1200000000,6200000,9.67,125,2,,,120,115465,16928,1491153,1394,405680,307595,59991425,2020-08-29,,,,,,,,,,,2023-02-03 02:35:42.321700200 UTC
Lore Olympus,Rachel Smythe,Romance,Ongoing,Sunday,1200000000,6200000,9.67,126,2,,,121,117545,4422,1491153,1369,405680,278219,59991425,2020-09-05,,,,,,,,,,,2023-02-03 02:35:45.652810400 UTC
Lore Olympus,Rachel Smythe,Romance,Ongoing,Sunday,1200000000,6200000,9.67,127,2,,,122,131052,3762,1491153,1206,405680,278768,59991425,2020-09-12,,,,,,,,,,,2023-02-03 02:35:50.702118800 UTC
Lore Olympus,Rachel Smythe,Romance,Ongoing,Sunday,1200000000,6200000,9.67,128,2,,,123,125359,3559,1491153,1274,405680,282983,59991425,2020-09-19,,,,,,,,,,,2023-02-03 02:35:55.563356 UTC
Lore Olympus,Rachel Smythe,Romance,Ongoing,Sunday,1200000000,6200000,9.67,129,2,,,124,144043,6090,1491153,1945,405680,282396,59991425,2020-09-26,,,,,,,,,,,2023-02-03 02:35:58.851518400 UTC
Lore Olympus,Rachel Smythe,Romance,Ongoing,Sunday,1200000000,6200000,9.67,130,2,,,125,142698,7234,1491153,1476,405680,282726,59991425,2020-10-03,,,,,,,,,,,2023-02-03 02:36:02.076638200 UTC
Lore Olympus,Rachel Smythe,Romance,Ongoing,Sunday,1200000000,6200000,9.67,131,2,,,126,113569,9435,1491153,2279,405680,290565,59991425,2020-10-10,,,,,,,,,,,2023-02-03 02:36:06.386446900 UTC
Lore Olympus,Rachel Smythe,Romance,Ongoing,Sunday,1200000000,6200000,9.67,132,2,,,127,121769,5352,1491153,2138,405680,282894,59991425,2020-10-17,,,,,,,,,,,2023-02-03 02:36:10.959811900 UTC
Lore Olympus,Rachel Smythe,Romance,Ongoing,Sunday,1200000000,6200000,9.67,133,2,,,128,126259,9278,1491153,1978,405680,304862,59991425,2020-10-24,,,,,,,,,,,2023-02-03 02:36:15.949701 UTC
Lore Olympus,Rachel Smythe,Romance,Ongoing,Sunday,1200000000,6200000,9.67,134,2,,,129,172208,4339,1491153,1325,405680,293089,59991425,2020-10-31,,,,,,,,,,,2023-02-03 02:36:21.450948 UTC
Lore Olympus,Rachel Smythe,Romance,Ongoing,Sunday,1200000000,6200000,9.67,135,2,,,130,129805,5799,1491153,1429,405680,293878,59991425,2020-11-07,,,,,,,,,,,2023-02-03 02:36:25.756123100 UTC
Lore Olympus,Rachel Smythe,Romance,Ongoing,Sunday,1200000000,6200000,9.67,136,2,,,131,166704,6041,1491153,2149,405680,300279,59991425,2020-11-14,,,,,,,,,,,2023-02-03 02:36:30.272440600 UTC
Lore Olympus,Rachel Smythe,Romance,Ongoing,Sunday,1200000000,6200000,9.67,137,2,,,132,152750,7121,1491153,1420,405680,309764,59991425,2020-11-21,,,,,,,,,,,2023-02-03 02:36:34.473620300 UTC
Lore Olympus,Rachel Smythe,Romance,Ongoing,Sunday,1200000000,6200000,9.67,138,2,,,133,157231,4589,1491153,1799,405680,296938,59991425,2020-11-28,,,,,,,,,,,2023-02-03 02:36:39.053054700 UTC
Lore Olympus,Rachel Smythe,Romance,Ongoing,Sunday,1200000000,6200000,9.67,139,2,,,134,141796,7934,1491153,2815,405680,293271,59991425,2020-12-05,,,,,,,,,,,2023-02-03 02:36:43.590709200 UTC
Lore Olympus,Rachel Smythe,Romance,Ongoing,Sunday,1200000000,6200000,9.67,140,2,,,135,131210,8861,1491153,2017,405680,302060,59991425,2020-12-12,,,,,,,,,,,2023-02-03 02:36:48.121315100 UTC
Lore Olympus,Rachel Smythe,Romance,Ongoing,Sunday,1200000000,6200000,9.67,141,2,,,136,125793,7362,1491153,2423,405680,299867,59991425,2020-12-19,,,,,,,,,,,2023-02-03 02:36:52.054275900 UTC
Lore Olympus,Rachel Smythe,Romance,Ongoing,Sunday,1200000000,6200000,9.67,142,2,,,137,102479,5460,1491153,2416,405680,291796,59991425,2020-12-26,,,,,,,,,,,2023-02-03 02:36:55.802420300 UTC
Lore Olympus,Rachel Smythe,Romance,Ongoing,Sunday,1200000000,6200000,9.67,143,2,,,138,133907,5122,1491153,1885,405680,282597,59991425,2021-01-02,,,,,,,,,,,2023-02-03 02:37:00.311529200 UTC
Lore Olympus,Rachel Smythe,Romance,Ongoing,Sunday,1200000000,6200000,9.67,144,2,,,139,120038,6140,1491153,2063,405680,287432,59991425,2021-01-09,,,,,,,,,,,2023-02-03 02:37:04.460201300 UTC
Lore Olympus,Rachel Smythe,Romance,Ongoing,Sunday,1200000000,6200000,9.67,145,2,,,140,96327,4502,1491153,1536,405680,276602,59991425,2021-01-16,,,,,,,,,,,2023-02-03 02:37:07.753958800 UTC
Lore Olympus,Rachel Smythe,Romance,Ongoing,Sunday,1200000000,6200000,9.67,146,2,,,141,131666,5797,1491153,1783,405680,283530,59991425,2021-01-23,,,,,,,,,,,2023-02-03 02:37:11.778768600 UTC
Lore Olympus,Rachel Smythe,Romance,Ongoing,Sunday,1200000000,6200000,9.67,147,2,,,142,134639,4750,1491153,3069,405680,283486,59991425,2021-01-30,,,,,,,,,,,2023-02-03 02:37:17.180396600 UTC
Lore Olympus,Rachel Smythe,Romance,Ongoing,Sunday,1200000000,6200000,9.67,148,2,,,143,125682,12968,1491153,2116,405680,378471,59991425,2021-02-06,,,,,,,,,,,2023-02-03 02:37:20.755212300 UTC
Lore Olympus,Rachel Smythe,Romance,Ongoing,Sunday,1200000000,6200000,9.67,149,2,,,144,123993,12360,1491153,2420,405680,346381,59991425,2021-02-13,,,,,,,,,,,2023-02-03 02:37:25.654816200 UTC
Lore Olympus,Rachel Smythe,Romance,Ongoing,Sunday,1200000000,6200000,9.67,150,2,,,145,124485,9261,1491153,2831,405680,298245,59991425,2021-02-20,,,,,,,,,,,2023-02-03 02:37:29.935335700 UTC
Lore Olympus,Rachel Smythe,Romance,Ongoing,Sunday,1200000000,6200000,9.67,151,2,,,146,132321,8784,1491153,1311,405680,299318,59991425,2021-02-27,,,,,,,,,,,2023-02-03 02:37:34.590278 UTC
Lore Olympus,Rachel Smythe,Romance,Ongoing,Sunday,1200000000,6200000,9.67,152,2,,,147,109000,8848,1491153,2127,405680,287761,59991425,2021-03-06,,,,,,,,,,,2023-02-03 02:37:38.659049900 UTC
Lore Olympus,Rachel Smythe,Romance,Ongoing,Sunday,1200000000,6200000,9.67,153,2,,,148,131487,10986,1491153,1839,405680,309837,59991425,2021-03-13,,,,,,,,,,,2023-02-03 02:37:42.858585100 UTC
Lore Olympus,Rachel Smythe,Romance,Ongoing,Sunday,1200000000,6200000,9.67,154,2,,,149,134911,4094,1491153,1868,405680,263404,59991425,2021-03-20,,,,,,,,,,,2023-02-03 02:37:46.504279200 UTC
Lore Olympus,Rachel Smythe,Romance,Ongoing,Sunday,1200000000,6200000,9.67,155,2,,,150,127352,3535,1491153,1571,405680,269099,59991425,2021-03-27,,,,,,,,,,,2023-02-03 02:37:51.274138700 UTC
Lore Olympus,Rachel Smythe,Romance,Ongoing,Sunday,1200000000,6200000,9.67,156,2,,,151,95790,4505,1491153,1775,405680,272701,59991425,2021-04-03,,,,,,,,,,,2023-02-03 02:37:55.165911400 UTC
Lore Olympus,Rachel Smythe,Romance,Ongoing,Sunday,1200000000,6200000,9.67,157,2,,,152,116937,21216,1491153,6212,405680,311299,59991425,2021-04-10,,,,,,,,,,,2023-02-03 02:37:59.453770100 UTC
Lore Olympus,Rachel Smythe,Romance,Ongoing,Sunday,1200000000,6200000,9.67,158,2,,,153,126000,4796,1491153,1989,405680,283913,59991425,2021-04-17,,,,,,,,,,,2023-02-03 02:38:03.558971800 UTC
Lore Olympus,Rachel Smythe,Romance,Ongoing,Sunday,1200000000,6200000,9.67,159,2,,,154,115000,4317,1491153,2447,405680,277726,59991425,2021-04-24,,,,,,,,,,,2023-02-03 02:38:07.773602500 UTC
Lore Olympus,Rachel Smythe,Romance,Ongoing,Sunday,1200000000,6200000,9.67,160,2,,,155,124000,3840,1491153,2695,405680,276990,59991425,2021-05-01,,,,,,,,,,,2023-02-03 02:38:11.666454700 UTC
Lore Olympus,Rachel Smythe,Romance,Ongoing,Sunday,1200000000,6200000,9.67,161,2,,,156,124000,5527,1491153,1646,405680,273915,59991425,2021-05-08,,,,,,,,,,,2023-02-03 02:37:21.614283300 UTC
Lore Olympus,Rachel Smythe,Romance,Ongoing,Sunday,1200000000,6200000,9.67,162,2,,,157,120993,5308,1491153,1850,405680,277153,59991425,2021-05-15,,,,,,,,,,,2023-02-03 02:37:25.759483900 UTC
Lore Olympus,Rachel Smythe,Romance,Ongoing,Sunday,1200000000,6200000,9.67,163,2,,,158,118000,5038,1491153,1383,405680,271984,59991425,2021-05-22,,,,,,,,,,,2023-02-03 02:37:29.236237400 UTC
Lore Olympus,Rachel Smythe,Romance,Ongoing,Sunday,1200000000,6200000,9.67,164,2,,,159,146000,4245,1491153,1540,405680,272885,59991425,2021-05-29,,,,,,,,,,,2023-02-03 02:37:33.382001800 UTC
Lore Olympus,Rachel Smythe,Romance,Ongoing,Sunday,1200000000,6200000,9.67,165,2,,,160,130781,6215,1491153,1924,405680,271870,59991425,2021-06-05,,,,,,,,,,,2023-02-03 02:37:38.779343600 UTC
Lore Olympus,Rachel Smythe,Romance,Ongoing,Sunday,1200000000,6200000,9.67,166,2,,,161,140000,7453,1491153,1909,405680,285944,59991425,2021-06-12,,,,,,,,,,,2023-02-03 02:37:42.562041200 UTC
Lore Olympus,Rachel Smythe,Romance,Ongoing,Sunday,1200000000,6200000,9.67,167,2,,,162,145829,2397,1491153,1729,405680,268139,59991425,2021-06-19,,,,,,,,,,,2023-02-03 02:37:47.097677500 UTC
Lore Olympus,Rachel Smythe,Romance,Ongoing,Sunday,1200000000,6200000,9.67,168,2,,,163,137775,3531,1491153,1480,405680,270755,59991425,2021-06-26,,,,,,,,,,,2023-02-03 02:37:51.926206600 UTC
Lore Olympus,Rachel Smythe,Romance,Ongoing,Sunday,1200000000,6200000,9.67,169,2,,,164,162000,3218,1491153,1334,405680,270543,59991425,2021-07-03,,,,,,,,,,,2023-02-03 02:37:55.513319100 UTC
Lore Olympus,Rachel Smythe,Romance,Ongoing,Sunday,1200000000,6200000,9.67,170,2,,,165,148000,5809,1491153,2217,405680,268139,59991425,2021-07-10,,,,,,,,,,,2023-02-03 02:37:59.049077700 UTC
Lore Olympus,Rachel Smythe,Romance,Ongoing,Sunday,1200000000,6200000,9.67,171,2,,,166,147000,5287,1491153,1381,405680,260662,59991425,2021-07-17,,,,,,,,,,,2023-02-03 02:38:02.420632500 UTC
Lore Olympus,Rachel Smythe,Romance,Ongoing,Sunday,1200000000,6200000,9.67,172,2,,,167,118000,4481,1491153,1679,405680,258188,59991425,2021-07-24,,,,,,,,,,,2023-02-03 02:38:05.802826500 UTC
Lore Olympus,Rachel Smythe,Romance,Ongoing,Sunday,1200000000,6200000,9.67,173,2,,,168,143000,2558,1491153,1040,405680,259005,59991425,2021-07-31,,,,,,,,,,,2023-02-03 02:38:09.435416700 UTC
Lore Olympus,Rachel Smythe,Romance,Ongoing,Sunday,1200000000,6200000,9.67,174,2,,,169,146838,7834,1491153,2944,405680,343584,59991425,2021-08-07,,,,,,,,,,,2023-02-03 02:38:13.701037900 UTC
Lore Olympus,Rachel Smythe,Romance,Ongoing,Sunday,1200000000,6200000,9.67,175,2,,,170,149757,2953,1491153,1063,405680,261665,59991425,2021-08-28,,,,,,,,,,,2023-02-03 02:38:16.865758100 UTC
Lore Olympus,Rachel Smythe,Romance,Ongoing,Sunday,1200000000,6200000,9.67,176,2,,,171,150218,5479,1491153,1482,405680,262604,59991425,2021-09-04,,,,,,,,,,,2023-02-03 02:37:17.535941600 UTC
Lore Olympus,Rachel Smythe,Romance,Ongoing,Sunday,1200000000,6200000,9.67,177,2,,,172,149434,3853,1491153,1170,405680,266365,59991425,2021-09-11,,,,,,,,,,,2023-02-03 02:37:22.029869100 UTC
Lore Olympus,Rachel Smythe,Romance,Ongoing,Sunday,1200000000,6200000,9.67,178,2,,,173,142000,4174,1491153,1281,405680,258490,59991425,2021-09-18,,,,,,,,,,,2023-02-03 02:37:26.982013600 UTC
Lore Olympus,Rachel Smythe,Romance,Ongoing,Sunday,1200000000,6200000,9.67,179,2,,,174,142000,9124,1491153,1904,405680,274657,59991425,2021-09-25,,,,,,,,,,,2023-02-03 02:37:30.676951700 UTC
Lore Olympus,Rachel Smythe,Romance,Ongoing,Sunday,1200000000,6200000,9.67,180,2,,,175,148000,3696,1491153,1122,405680,255132,59991425,2021-10-02,,,,,,,,,,,2023-02-03 02:37:33.819947900 UTC
Lore Olympus,Rachel Smythe,Romance,Ongoing,Sunday,1200000000,6200000,9.67,181,2,,,176,147146,3326,1491153,1088,405680,256331,59991425,2021-10-09,,,,,,,,,,,2023-02-03 02:37:37.916551300 UTC
Lore Olympus,Rachel Smythe,Romance,Ongoing,Sunday,1200000000,6200000,9.67,182,2,,,177,174772,2948,1491153,1341,405680,254990,59991425,2021-10-16,,,,,,,,,,,2023-02-03 02:37:42.046389700 UTC
Lore Olympus,Rachel Smythe,Romance,Ongoing,Sunday,1200000000,6200000,9.67,183,2,,,178,136162,4406,1491153,1507,405680,248406,59991425,2021-10-23,,,,,,,,,,,2023-02-03 02:37:45.865601400 UTC
Lore Olympus,Rachel Smythe,Romance,Ongoing,Sunday,1200000000,6200000,9.67,184,2,,,179,125765,3229,1491153,1324,405680,243657,59991425,2021-10-30,,,,,,,,,,,2023-02-03 02:37:50.457448700 UTC
Lore Olympus,Rachel Smythe,Romance,Ongoing,Sunday,1200000000,6200000,9.67,185,2,,,180,122426,4989,1491153,1591,405680,262545,59991425,2021-11-06,,,,,,,,,,,2023-02-03 02:37:54.955272100 UTC
Lore Olympus,Rachel Smythe,Romance,Ongoing,Sunday,1200000000,6200000,9.67,186,2,,,181,119204,4987,1491153,1548,405680,261781,59991425,2021-11-13,,,,,,,,,,,2023-02-03 02:37:59.653231 UTC
Lore Olympus,Rachel Smythe,Romance,Ongoing,Sunday,1200000000,6200000,9.67,187,2,,,182,150619,12598,1491153,2581,405680,276520,59991425,2021-11-20,,,,,,,,,,,2023-02-03 02:38:03.547707600 UTC
Lore Olympus,Rachel Smythe,Romance,Ongoing,Sunday,1200000000,6200000,9.67,188,2,,,183,153002,4776,1491153,1760,405680,274341,59991425,2021-11-27,,,,,,,,,,,2023-02-03 02:38:07.254618400 UTC
Lore Olympus,Rachel Smythe,Romance,Ongoing,Sunday,1200000000,6200000,9.67,189,2,,,184,153451,5078,1491153,2079,405680,256195,59991425,2021-12-04,,,,,,,,,,,2023-02-03 02:38:12.372312300 UTC
Lore Olympus,Rachel Smythe,Romance,Ongoing,Sunday,1200000000,6200000,9.67,190,2,,,185,116030,3518,1491153,1042,405680,262611,59991425,2021-12-11,,,,,,,,,,,2023-02-03 02:38:16.633325700 UTC
Lore Olympus,Rachel Smythe,Romance,Ongoing,Sunday,1200000000,6200000,9.67,191,2,,,186,132156,3599,1491153,1358,405680,255535,59991425,2021-12-18,,,,,,,,,,,2023-02-03 02:38:20.571328700 UTC
Lore Olympus,Rachel Smythe,Romance,Ongoing,Sunday,1200000000,6200000,9.67,192,2,,,187,113976,3484,1491153,1269,405680,248862,59991425,2021-12-25,,,,,,,,,,,2023-02-03 02:38:24.615214600 UTC
Lore Olympus,Rachel Smythe,Romance,Ongoing,Sunday,1200000000,6200000,9.67,193,2,,,188,151134,3298,1491153,1059,405680,240402,59991425,2022-01-01,,,,,,,,,,,2023-02-03 02:38:28.126215400 UTC
Lore Olympus,Rachel Smythe,Romance,Ongoing,Sunday,1200000000,6200000,9.67,194,2,,,189,142728,4313,1491153,1258,405680,249673,59991425,2022-01-08,,,,,,,,,,,2023-02-03 02:38:31.787697900 UTC
Lore Olympus,Rachel Smythe,Romance,Ongoing,Sunday,1200000000,6200000,9.67,195,2,,,190,212992,14979,1491153,3994,405680,276586,59991425,2022-01-15,,,,,,,,,,,2023-02-03 02:38:37.180683700 UTC
Lore Olympus,Rachel Smythe,Romance,Ongoing,Sunday,1200000000,6200000,9.67,196,2,,,191,158471,7022,1491153,875,405680,339926,59991425,2022-04-23,,,,,,,,,,,2023-02-03 02:38:41.083934600 UTC
Lore Olympus,Rachel Smythe,Romance,Ongoing,Sunday,1200000000,6200000,9.67,197,2,,,192,148471,4128,1491153,1077,405680,240521,59991425,2022-04-30,,,,,,,,,,,2023-02-03 02:38:45.002309900 UTC
Lore Olympus,Rachel Smythe,Romance,Ongoing,Sunday,1200000000,6200000,9.67,198,2,,,193,162471,5938,1491153,1247,405680,230772,59991425,2022-05-07,,,,,,,,,,,2023-02-03 02:38:50.901917600 UTC
Lore Olympus,Rachel Smythe,Romance,Ongoing,Sunday,1200000000,6200000,9.67,199,2,,,194,142227,5851,1491153,1843,405680,243504,59991425,2022-05-14,,,,,,,,,,,2023-02-03 02:38:55.591062500 UTC
Lore Olympus,Rachel Smythe,Romance,Ongoing,Sunday,1200000000,6200000,9.67,200,2,,,195,144631,6432,1491153,1066,405680,242220,59991425,2022-05-21,,,,,,,,,,,2023-02-03 02:39:00.024309700 UTC
Lore Olympus,Rachel Smythe,Romance,Ongoing,Sunday,1200000000,6200000,9.67,201,2,,,196,136652,3689,1491153,1485,405680,228673,59991425,2022-05-28,,,,,,,,,,,2023-02-03 02:38:59.251537300 UTC
Lore Olympus,Rachel Smythe,Romance,Ongoing,Sunday,1200000000,6200000,9.67,202,2,,,197,145893,3875,1491153,1179,405680,227934,59991425,2022-06-04,,,,,,,,,,,2023-02-03 02:39:03.399283300 UTC
Lore Olympus,Rachel Smythe,Romance,Ongoing,Sunday,1200000000,6200000,9.67,203,2,,,198,131047,6201,1491153,1246,405680,225793,59991425,2022-06-11,,,,,,,,,,,2023-02-03 02:39:07.119460700 UTC
Lore Olympus,Rachel Smythe,Romance,Ongoing,Sunday,1200000000,6200000,9.67,204,2,,,199,130931,4030,1491153,1385,405680,224002,59991425,2022-06-18,,,,,,,,,,,2023-02-03 02:39:11.101131800 UTC
Lore Olympus,Rachel Smythe,Romance,Ongoing,Sunday,1200000000,6200000,9.67,205,2,,,200,159749,3085,1491153,1038,405680,230981,59991425,2022-06-25,,,,,,,,,,,2023-02-03 02:38:16.092591700 UTC
Lore Olympus,Rachel Smythe,Romance,Ongoing,Sunday,1200000000,6200000,9.67,206,2,,,201,126519,2694,1491153,1140,405680,222830,59991425,2022-07-02,,,,,,,,,,,2023-02-03 02:38:19.899332400 UTC
Lore Olympus,Rachel Smythe,Romance,Ongoing,Sunday,1200000000,6200000,9.67,207,2,,,202,123923,5909,1491153,1011,405680,220827,59991425,2022-07-09,,,,,,,,,,,2023-02-03 02:38:23.009695600 UTC
Lore Olympus,Rachel Smythe,Romance,Ongoing,Sunday,1200000000,6200000,9.67,208,2,,,203,118533,2958,1491153,914,405680,221111,59991425,2022-07-16,,,,,,,,,,,2023-02-03 02:38:27.261756 UTC
Lore Olympus,Rachel Smythe,Romance,Ongoing,Sunday,1200000000,6200000,9.67,209,2,,,204,157530,4997,1491153,1040,405680,236546,59991425,2022-07-23,,,,,,,,,,,2023-02-03 02:38:30.545602700 UTC
Lore Olympus,Rachel Smythe,Romance,Ongoing,Sunday,1200000000,6200000,9.67,210,2,,,205,194792,14638,1491153,1699,405680,248006,59991425,2022-07-30,,,,,,,,,,,2023-02-03 02:38:35.164960700 UTC
Lore Olympus,Rachel Smythe,Romance,Ongoing,Sunday,1200000000,6200000,9.67,211,2,,,206,157271,9166,1491153,2797,405680,256617,59991425,2022-08-06,,,,,,,,,,,2023-02-03 02:38:39.131508100 UTC
Lore Olympus,Rachel Smythe,Romance,Ongoing,Sunday,1200000000,6200000,9.67,212,3,,,207,122145,6415,1491153,1391,405680,234666,59991425,2022-08-27,,,,,,,,,,,2023-02-03 02:38:42.959573 UTC
Lore Olympus,Rachel Smythe,Romance,Ongoing,Sunday,1200000000,6200000,9.67,213,3,,,208,137876,5650,1491153,1533,405680,222584,59991425,2022-09-03,,,,,,,,,,,2023-02-03 02:38:46.616991200 UTC
Lore Olympus,Rachel Smythe,Romance,Ongoing,Sunday,1200000000,6200000,9.67,214,3,,,209,137862,3045,1491153,1046,405680,214117,59991425,2022-09-10,,,,,,,,,,,2023-02-03 02:38:51.167055800 UTC
Lore Olympus,Rachel Smythe,Romance,Ongoing,Sunday,1200000000,6200000,9.67,215,3,,,210,148035,4025,1491153,1633,405680,207658,59991425,2022-09-17,,,,,,,,,,,2023-02-03 02:38:54.497795500 UTC
Lore Olympus,Rachel Smythe,Romance,Ongoing,Sunday,1200000000,6200000,9.67,216,3,,,211,148682,2672,1491153,1119,405680,198833,59991425,2022-09-24,,,,,,,,,,,2023-02-03 02:38:46.054993600 UTC
Lore Olympus,Rachel Smythe,Romance,Ongoing,Sunday,1200000000,6200000,9.67,217,3,,,212,131000,1466,1491153,879,405680,190806,59991425,2022-10-01,,,,,,,,,,,2023-02-03 02:38:49.801701300 UTC
Lore Olympus,Rachel Smythe,Romance,Ongoing,Sunday,1200000000,6200000,9.67,218,3,,,213,132443,1605,1491153,763,405680,192321,59991425,2022-10-08,,,,,,,,,,,2023-02-03 02:38:53.557084200 UTC
Lore Olympus,Rachel Smythe,Romance,Ongoing,Sunday,1200000000,6200000,9.67,219,3,,,214,137000,2649,1491153,765,405680,191434,59991425,2022-10-15,,,,,,,,,,,2023-02-03 02:38:57.071224900 UTC
Lore Olympus,Rachel Smythe,Romance,Ongoing,Sunday,1200000000,6200000,9.67,220,3,,,215,137964,1642,1491153,469,405680,184351,59991425,2022-10-22,,,,,,,,,,,2023-02-03 02:38:44.528045100 UTC
Lore Olympus,Rachel Smythe,Romance,Ongoing,Sunday,1200000000,6200000,9.67,221,3,,,216,131050,1630,1491153,751,405680,176398,59991425,2022-10-29,,,,,,,,,,,2023-02-03 02:38:48.491292600 UTC
Lore Olympus,Rachel Smythe,Romance,Ongoing,Sunday,1200000000,6200000,9.67,222,3,,,217,145403,1882,1491153,1142,405680,178143,59991425,2022-11-05,,,,,,,,,,,2023-02-03 02:38:53.823101500 UTC
Lore Olympus,Rachel Smythe,Romance,Ongoing,Sunday,1200000000,6200000,9.67,223,3,,,218,138539,1829,1491153,761,405680,173090,59991425,2022-11-12,,,,,,,,,,,2023-02-03 02:38:58.757891700 UTC
Lore Olympus,Rachel Smythe,Romance,Ongoing,Sunday,1200000000,6200000,9.67,224,3,,,219,114892,1416,1491153,705,405680,166310,59991425,2022-11-19,,,,,,,,,,,2023-02-03 02:39:03.678594900 UTC
Lore Olympus,Rachel Smythe,Romance,Ongoing,Sunday,1200000000,6200000,9.67,225,3,,,220,133315,1121,1491153,716,405680,163524,59991425,2022-11-26,,,,,,,,,,,2023-02-03 02:39:07.455880 UTC
Lore Olympus,Rachel Smythe,Romance,Ongoing,Sunday,1200000000,6200000,9.67,226,3,,,221,121719,2445,1491153,662,405680,165105,59991425,2022-12-03,,,,,,,,,,,2023-02-03 02:39:12.114110500 UTC
Lore Olympus,Rachel Smythe,Romance,Ongoing,Sunday,1200000000,6200000,9.67,227,3,,,222,120726,4043,1491153,799,405680,160865,59991425,2022-12-10,,,,,,,,,,,2023-02-03 02:39:01.295493500 UTC
Lore Olympus,Rachel Smythe,Romance,Ongoing,Sunday,1200000000,6200000,9.67,228,3,,,223,149473,2744,1491153,890,405680,151991,59991425,2022-12-17,,,,,,,,,,,2023-02-03 02:39:06.112242500 UTC
Lore Olympus,Rachel Smythe,Romance,Ongoing,Sunday,1200000000,6200000,9.67,229,3,,,224,163294,1617,1491153,735,405680,146429,59991425,2022-12-24,,,,,,,,,,,2023-02-03 02:39:10.064579400 UTC
Lore Olympus,Rachel Smythe,Romance,Ongoing,Sunday,1200000000,6200000,9.67,230,3,,,225,168715,1362,1491153,583,405680,144047,59991425,2022-12-31,,,,,,,,,,,2023-02-03 02:39:13.433190500 UTC
Lore Olympus,Rachel Smythe,Romance,Ongoing,Sunday,1200000000,6200000,9.67,231,3,,,226,135504,1249,1491153,779,405680,134907,59991425,2023-01-07,,,,,,,,,,,2023-02-03 02:39:03.983698500 UTC
Lore Olympus,Rachel Smythe,Romance,Ongoing,Sunday,1200000000,6200000,9.67,232,3,,,227,177000,1881,1491153,729,405680,132572,59991425,2023-01-14,,,,,,,,,,,2023-02-03 02:39:07.431427700 UTC
Lore Olympus,Rachel Smythe,Romance,Ongoing,Sunday,1200000000,6200000,9.67,233,3,,,228,148687,1800,1491153,419,405680,129122,59991425,2023-01-21,,,,,,,,,,,2023-02-03 02:39:11.923124600 UTC
Lore Olympus,Rachel Smythe,Romance,Ongoing,Sunday,1200000000,6200000,9.67,234,3,,,229,160437,1611,1491153,993,405680,107784,59991425,2023-01-28,,,,,,,,,,,2023-02-03 02:39:16.603022800 UTC
